,title,company_name,location,via,description,job_highlights,related_links,thumbnail,extensions,detected_extensions,job_id
0,Web Developer,FTM,  India   ,via LinkedIn,"The ideal candidate is a creative problem solver who will work in coordination with cross-functional teams to design, develop, and maintain our next generation websites and web tools. You must be comfortable working as part of a team while taking the initiative to take lead on new innovations and projects.

Responsibilities
• Revise, edit, proofread & optimize web content
• Work with cross-functionally to enhance overall user experience of our platforms
• Own various design tasks involved in the web development life cycle from start to finish

Qualifications
• At least 1 - 2 years' of experience using HTML, CSS, and JavaScript
• Proficiency in at least one server-side technology (Java, PHP, Python)
• Ability to multi-task, organize, and prioritize work

Job Types: Full-time, Regular / Permanent

Salary: ₹12,000.00 - ₹25,000.00 per month

Schedule
• Flexible shift
• Night shift
• Rotational shift","[{'items': [""The ideal candidate is a creative problem solver who will work in coordination with cross-functional teams to design, develop, and maintain our next generation websites and web tools. You must be comfortable working as part of a team while taking the initiative to take lead on new innovations and projects.\n\nResponsibilities\n• Revise, edit, proofread & optimize web content\n• Work with cross-functionally to enhance overall user experience of our platforms\n• Own various design tasks involved in the web development life cycle from start to finish\n\nQualifications\n• At least 1 - 2 years' of experience using HTML, CSS, and JavaScript\n• Proficiency in at least one server-side technology (Java, PHP, Python)\n• Ability to multi-task, organize, and prioritize work\n\nJob Types: Full-time, Regular / Permanent\n\nSalary: ₹12,000.00 - ₹25,000.00 per month\n\nSchedule\n• Flexible shift\n• Night shift\n• Rotational shift""]}]","[{'link': 'http://www.francotosimeccanica.it/', 'text': 'francotosimeccanica.it'}, {'link': 'https://www.google.com/search?hl=en&gl=us&q=FTM&sa=X&ved=0ahUKEwjZz-n4vv7-AhXIlmoFHfRUA1oQmJACCLgJ', 'text': 'See web results for FTM'}]",https://encrypted-tbn0.gstatic.com/images?q=tbn:ANd9GcSl_h35324GY2tpfZI4Jqpk2ZK9EsaD7gNT2JfB&s=0,"['11 hours ago', 'Full-time']","{'posted_at': '11 hours ago', 'schedule_type': 'Full-time'}",eyJqb2JfdGl0bGUiOiJXZWIgRGV2ZWxvcGVyIiwiaHRpZG9jaWQiOiJEeW5jSUtSdnBmOEFBQUFBQUFBQUFBPT0iLCJ1dWxlIjoidytDQUlRSUNJRlNXNWthV0UiLCJnbCI6InVzIiwiaGwiOiJlbiIsImZjIjoiRXVJQkNxSUJRVVZ6TjJwT1VYWmpkMlJzTTFGck9IUjVRbUpNWmtoUFpEbDZiVjlsV1ZWelRWaFFhelZRVVZZMlVFeEhOV05xVGxkdWFUYzFSM0pqYUZSVFFsWlBjVFl3Tld0MVZ6aGhWRUp3VEV4c00yRlZSUzF0ZG5sbmMwUkllazlJWlZwUFJEbGxObE14UzFOelRrMW1NVzlpWnpaT1Iyd3hhR3RDWXpnMGFUaHNZWEJZYURSeFNqQjZWVkozY0ZwVGVWcHVUMDlQYURsalNWazJYMDVUYWtKRFUxWjNFaGRrZFdSc1drNXRPRXROYVhSeGRITlFPVXR0VGpCQlZSb2lRVTh0TUhKc05FcEhlbmM1Y21NMlZUWnhiRGxQZVUxSWVVbFJlbTVoZUROZlVRIiwiZmN2IjoiMyIsImZjX2lkIjoiZmNfMSIsImFwcGx5X2xpbmsiOnsidGl0bGUiOiIubkZnMmVie2ZvbnQtd2VpZ2h0OjUwMH0uQmk2RGRje2ZvbnQtd2VpZ2h0OjUwMH1BcHBseSBvbiBMaW5rZWRJbiIsImxpbmsiOiJodHRwczovL2luLmxpbmtlZGluLmNvbS9qb2JzL3ZpZXcvd2ViLWRldmVsb3Blci1hdC1mdG0tMzYwODA3NzE0Mj91dG1fY2FtcGFpZ249Z29vZ2xlX2pvYnNfYXBwbHlcdTAwMjZ1dG1fc291cmNlPWdvb2dsZV9qb2JzX2FwcGx5XHUwMDI2dXRtX21lZGl1bT1vcmdhbmljIn19
1,Web Developer Intern (Remote),MonetizeMore, Anywhere ,via LinkedIn,"MonetizeMore builds industry-leading ad technology that is seen by more than 300M+ people per month. The company has been running for 12 years achieving consistent double-digit growth each year with a team of 280+ team members spread across the globe. MonetizeMore offers location and schedule freedom to every one of its team members. That means that you would have the lifestyle autonomy to choose to work from anywhere in the world, during the time of day you prefer. This new-age work lifestyle would enable you to engineer your ideal lifestyle. Say goodbye to endless commutes, stuffy business attire, and the arbitrary 9 to 5 work-day. Take your life back into your hands by joining the MonetizeMore team! What you’ll do:

Developing features or products using: Node.js, JavaScript, Python/Flask, PostgreSQL, React.js, AWS, Linux, Docker, Git, Cloud Services and any other new technologies. Building web applications with user empathy. Developing APIs and integrating with 3rd party APIs to... automate manual tasks. Implementing UI facilitating third-party reporting and streamlining ad operations. Integration of services to maximize ad revenues and maintain strong user experience. Planning and prototyping new applications. Defect resolution of existing and new issues. Unit testing new features to ensure they conform to MonetizeMore’s quality standards and meet requirements. Code reviews. Running performance benchmarking tests. Staying up to date with new trends and advancements in web development and ad tech. Attending daily stand-up meetings (30 mins) and other Scrum meetings (Every 2 weeks). Who you are:

Open for junior developers, fresh graduates or graduating with at least 3-6 months or 1 year experience in Python, SQL and/or Javascript , HTML/CSS. Willing to work 40 hours a week.

Major related field and desiring a paid internship experience. Must have strong interpersonal and communication skills, verbal and written Eagerness and ability to learn quickly and expand technical expertise.

Excellent problem solving skills. Candidates must possess at least Bachelor's/College Degree in Computer Science/Information Technology or equivalent Process: Reviewing of application (resume screening) > Testdome online examination > Culture-fit Interview > Final/Technical interview > Test Project What we offer:

Competitive Salary: Our salary formula adjusts to your cost of living and experience. Work remotely: Live and work wherever you like! Flexible working hours: You have the autonomy to set your own schedule Retreats: We meet in person for company get-togethers. Career Growth and Trainings

If you think you are a good fit. Please apply on this side bar and give specific reasons what sets you apart. We hire individuals, not robots so don’t be afraid to show a little personality. We make hiring decisions based on your experience, skills and passion. Please note that interviews are conducted virtually.

Powered by JazzHR","[{'items': [""MonetizeMore builds industry-leading ad technology that is seen by more than 300M+ people per month. The company has been running for 12 years achieving consistent double-digit growth each year with a team of 280+ team members spread across the globe. MonetizeMore offers location and schedule freedom to every one of its team members. That means that you would have the lifestyle autonomy to choose to work from anywhere in the world, during the time of day you prefer. This new-age work lifestyle would enable you to engineer your ideal lifestyle. Say goodbye to endless commutes, stuffy business attire, and the arbitrary 9 to 5 work-day. Take your life back into your hands by joining the MonetizeMore team! What you’ll do:\n\nDeveloping features or products using: Node.js, JavaScript, Python/Flask, PostgreSQL, React.js, AWS, Linux, Docker, Git, Cloud Services and any other new technologies. Building web applications with user empathy. Developing APIs and integrating with 3rd party APIs to... automate manual tasks. Implementing UI facilitating third-party reporting and streamlining ad operations. Integration of services to maximize ad revenues and maintain strong user experience. Planning and prototyping new applications. Defect resolution of existing and new issues. Unit testing new features to ensure they conform to MonetizeMore’s quality standards and meet requirements. Code reviews. Running performance benchmarking tests. Staying up to date with new trends and advancements in web development and ad tech. Attending daily stand-up meetings (30 mins) and other Scrum meetings (Every 2 weeks). Who you are:\n\nOpen for junior developers, fresh graduates or graduating with at least 3-6 months or 1 year experience in Python, SQL and/or Javascript , HTML/CSS. Willing to work 40 hours a week.\n\nMajor related field and desiring a paid internship experience. Must have strong interpersonal and communication skills, verbal and written Eagerness and ability to learn quickly and expand technical expertise.\n\nExcellent problem solving skills. Candidates must possess at least Bachelor's/College Degree in Computer Science/Information Technology or equivalent Process: Reviewing of application (resume screening) > Testdome online examination > Culture-fit Interview > Final/Technical interview > Test Project What we offer:\n\nCompetitive Salary: Our salary formula adjusts to your cost of living and experience. Work remotely: Live and work wherever you like! Flexible working hours: You have the autonomy to set your own schedule Retreats: We meet in person for company get-togethers. Career Growth and Trainings\n\nIf you think you are a good fit. Please apply on this side bar and give specific reasons what sets you apart. We hire individuals, not robots so don’t be afraid to show a little personality. We make hiring decisions based on your experience, skills and passion. Please note that interviews are conducted virtually.\n\nPowered by JazzHR""]}]","[{'link': 'https://www.google.com/search?hl=en&gl=us&q=MonetizeMore&sa=X&ved=0ahUKEwjZz-n4vv7-AhXIlmoFHfRUA1oQmJACCOUJ', 'text': 'See web results for MonetizeMore'}]",https://encrypted-tbn0.gstatic.com/images?q=tbn:ANd9GcSWywtp6hOD6e3o8-Oe2yYZVmgSXcTRj1nHdyv5_2E&s,"['17 hours ago', 'Work from home', 'Internship']","{'posted_at': '17 hours ago', 'schedule_type': 'Internship', 'work_from_home': True}",eyJqb2JfdGl0bGUiOiJXZWIgRGV2ZWxvcGVyIEludGVybiAoUmVtb3RlKSIsImh0aWRvY2lkIjoiLWlWYndrOV9MSE1BQUFBQUFBQUFBQT09IiwidXVsZSI6IncrQ0FJUUlDSUZTVzVrYVdFIiwiZ2wiOiJ1cyIsImhsIjoiZW4iLCJmYyI6IkV2Y0JDcmNCUVVWek4ycE9WRUUzTUUxWll6YzNVVkZZVDFCTVVXbG9hVmxXZHpJNFNGSmtSR296TFhGak9GUlBZMnd4VDNFMmFYZDZkRFYzTkRsU1FsOWtUMFJWVjNwQk5uTmZhRmhDWVROWk5qZFdla1ZhUkRCRGNXSkdWekEyUlZvek1qUk9ZekV0VVRaWVdVSmhRMjl1WkVaV1lUVmFiVTlGZEZod1oxTXhhRzlTVFc5bFMyVnRkelV0VG1oclZqQnBjWHBxU0VkNFJEZEdUVWhsYVVsamVUTktYME5JZEdFeVlUaFBZMmRRY1VwWVMwcGhaMDlMTmpjNEVoZGtkV1JzV2s1dE9FdE5hWFJ4ZEhOUU9VdHRUakJCVlJvaVFVOHRNSEpzTlZOUFIwUkRjVjlDVGtwWFNrcGZRMGRaWXpsV1JrODJVWFZPUVEiLCJmY3YiOiIzIiwiZmNfaWQiOiJmY18zIiwiYXBwbHlfbGluayI6eyJ0aXRsZSI6IkFwcGx5IG9uIExpbmtlZEluIiwibGluayI6Imh0dHBzOi8vaW4ubGlua2VkaW4uY29tL2pvYnMvdmlldy93ZWItZGV2ZWxvcGVyLWludGVybi1yZW1vdGUtYXQtbW9uZXRpemVtb3JlLTM2MDc4NzYwODI/dXRtX2NhbXBhaWduPWdvb2dsZV9qb2JzX2FwcGx5XHUwMDI2dXRtX3NvdXJjZT1nb29nbGVfam9ic19hcHBseVx1MDAyNnV0bV9tZWRpdW09b3JnYW5pYyJ9fQ==
2,Senior Web Developer,CYBERARK SOFTWARE,"  Hyderabad, Telangana, India   ",via Careers @ CyberArk,"Web Developer

The web developer is an integral member of CyberArk’s marketing team, as you will be responsible for bringing CyberArk’s digital strategy to life across cyberark.com and our other digital touchpoints.

The right candidate for this position is a detailed, organized self-starter with experience and passion for building engaging digital experiences from concept to launch. Ideally looking for a web developer who has a passion for marketing and can incorporate strong design, B2B digital marketing best practices, and marketing technology expertise into their development projects. And equally important, you are willing to dive in to understand and solve problems.

Responsibilities:
• Maintain and update cyberark.com and our other digital properties
• Build engaging and interactive web pages in WordPress from PSDs and Figma files that are responsive and SEO friendly.
• Execute content updates on cyberark.com and other digital properties
• Manage digital projects from... scoping/requirements gathering, all the way through sign-off, QA, launch, and ongoing optimization.

Requirements
• 7+ year’s experience in front end web development with strong hand coding experience in HTML, CSS, and responsive design frameworks, WordPress PHP, JS, and jQuery.
• Experience updating a portfolio of websites.
• A strong eye for design and layout and web/mobile UI/UX.
• Proficient in using Photoshop, Illustrator and Figma.
• Ability to prioritize and manage multiple projects with complex business requirements.
• Ability to thrive in a fast-paced, high-growth environment with changing priorities.
• Well organized with a strong attention to details.
• Strong written and verbal communication skills.
• Resourceful team player with a growth mindset.

Nice to Have
• Experience with WPBakery Pagebuilder
• Experience with version control GIT
• Experience with optimizing pages for conversion and demand generation.
• Prior experience with maintaining and optimizing digital properties for SEO.
• Prior experience with website analytic tools (Adobe Analytics, GA4, Google Tag Manager, etc.,).
• Prior experience with instrumenting A/B tests and content targeting/personalization","[{'items': ['Web Developer\n\nThe web developer is an integral member of CyberArk’s marketing team, as you will be responsible for bringing CyberArk’s digital strategy to life across cyberark.com and our other digital touchpoints.\n\nThe right candidate for this position is a detailed, organized self-starter with experience and passion for building engaging digital experiences from concept to launch. Ideally looking for a web developer who has a passion for marketing and can incorporate strong design, B2B digital marketing best practices, and marketing technology expertise into their development projects. And equally important, you are willing to dive in to understand and solve problems.\n\nResponsibilities:\n• Maintain and update cyberark.com and our other digital properties\n• Build engaging and interactive web pages in WordPress from PSDs and Figma files that are responsive and SEO friendly.\n• Execute content updates on cyberark.com and other digital properties\n• Manage digital projects from... scoping/requirements gathering, all the way through sign-off, QA, launch, and ongoing optimization.\n\nRequirements\n• 7+ year’s experience in front end web development with strong hand coding experience in HTML, CSS, and responsive design frameworks, WordPress PHP, JS, and jQuery.\n• Experience updating a portfolio of websites.\n• A strong eye for design and layout and web/mobile UI/UX.\n• Proficient in using Photoshop, Illustrator and Figma.\n• Ability to prioritize and manage multiple projects with complex business requirements.\n• Ability to thrive in a fast-paced, high-growth environment with changing priorities.\n• Well organized with a strong attention to details.\n• Strong written and verbal communication skills.\n• Resourceful team player with a growth mindset.\n\nNice to Have\n• Experience with WPBakery Pagebuilder\n• Experience with version control GIT\n• Experience with optimizing pages for conversion and demand generation.\n• Prior experience with maintaining and optimizing digital properties for SEO.\n• Prior experience with website analytic tools (Adobe Analytics, GA4, Google Tag Manager, etc.,).\n• Prior experience with instrumenting A/B tests and content targeting/personalization']}]","[{'link': 'http://www.cyberark.com/', 'text': 'cyberark.com'}, {'link': 'https://www.google.com/search?hl=en&gl=us&q=CYBERARK+SOFTWARE&sa=X&ved=0ahUKEwjZz-n4vv7-AhXIlmoFHfRUA1oQmJACCJUK', 'text': 'See web results for CYBERARK SOFTWARE'}]",,"['6 days ago', 'Full-time', 'No degree mentioned']","{'posted_at': '6 days ago', 'schedule_type': 'Full-time'}",eyJqb2JfdGl0bGUiOiJTZW5pb3IgV2ViIERldmVsb3BlciIsImh0aWRvY2lkIjoiUFZ6SUt2TExTRDhBQUFBQUFBQUFBQT09IiwidXVsZSI6IncrQ0FJUUlDSUZTVzVrYVdFIiwiZ2wiOiJ1cyIsImhsIjoiZW4iLCJmYyI6IkVvd0NDc3dCUVVWek4ycE9VVWRWV1RVeGFDMHpUbTh4YWtGWFMyUjViM2R5TFV0WlJXSTFVREExZFV0bWIwaGxPR280YUROWk5YSXRMVk5tUTE5dU9ITlBia3hOTWxCQ1gwRlZhMWRxWW5wS1RtcFNabmcwTjJsSFZWUjBSbE55TkMxVVJrazVTSGxoYXpFdFdHWm9ZbVZCTms5NlRERlNiMWd3ZUhKdVMySktVR3BqTlZGV2IwOVhWekI2ZWxKd1JYbFBiekZXVDNOdVZsVm9UVk5RTUMxR1ZFSmtURVZDY0VwWmRVNHlUVE50Y1hkSFRWaElUV015VFZsRmJpMTJNSGxTVWt4U1dtRm5VRE5ZWmpob1FXc3lFaGRrZFdSc1drNXRPRXROYVhSeGRITlFPVXR0VGpCQlZSb2lRVTh0TUhKc05IUmtkMFZVZEVwSmJ6WllNWEZ3YW5oU00wRTRVRGxvWW1nMFp3IiwiZmN2IjoiMyIsImZjX2lkIjoiZmNfNCIsImFwcGx5X2xpbmsiOnsidGl0bGUiOiJBcHBseSBvbiBDYXJlZXJzIEAgQ3liZXJBcmsiLCJsaW5rIjoiaHR0cHM6Ly9jYXJlZXJzLmN5YmVyYXJrLmNvbS9qb2IvSHlkZXJhYmFkLVNlbmlvci1XZWItRGV2ZWxvcGVyLzg2Njg0NDIwMS8/dXRtX2NhbXBhaWduPWdvb2dsZV9qb2JzX2FwcGx5XHUwMDI2dXRtX3NvdXJjZT1nb29nbGVfam9ic19hcHBseVx1MDAyNnV0bV9tZWRpdW09b3JnYW5pYyJ9fQ==
3,Web Developer,Crestfin LLC,"  Hyderabad, Telangana, India   ",via LinkedIn,"Web UI Developer

Job Summary

As a web UI developer at Autocash.ai, you will be part of our software development

team, working with a cross-functional team to create a cutting-edge cloud-based Fintech

solution.

Responsibilities:

● Mockup user-interface based on business requirements

● Design, code, and test web-based user interface

● Create and maintain technical documentation

● Integrate with back-end code base using Python, Restful API, Hasura GraphQL

etc.

● Ability to multi-task and prioritize

● Collaborate with both internal development teams as well as client users

● Deliver high-quality work product on time and on budget

● Ability to communicate complex technical concepts to audiences with a variety of

technical and non-technical understanding

● Keep up to date on trends in cloud-based web-applications

Requirements

● 2+ years of experience in Web Development

● Excellent knowledge of HTML, XML, CSS, jQuery/JavaScript

● Experience with Python, SQL, GraphQL... Hasura

● Experience with React JS, Angular or Vue

● Some experience with graphic software, such as Adobe Photoshop and XD

● Proven experience integrating APIs into web sites and applications

● Strong verbal and written communication skills

● Self-starter with sharp eye for detail

● Ability to manage and meet schedule deadlines

● Critical thinker and problem solver that can work independently

● Bachelor’s Degree in Engineering or Computer Science or equivalent work

experience, a bonus

● Experience working directly with clients a bonus

● Work location: Hyderabad/Hybrid

● Time Shift: 50% overlap with US hours

About Us:

Autocash.ai is a US-based fintech startup company offering cloud-based data

analytics and automation software for the Corporate Finance department of our

clients. The software will transform the client’s cash, treasury and working capital

management processes. We are looking to build our software development team in

Hyderabad, India with a potential to expand to other locations worldwide.

We firmly believe that a product is as good as the people behind it. Whether it's

product development, customer support, sales or operations, all our employees see

the direct impact of their work. As one of the very promising Fintech software

companies, autocash.ai focuses on hiring talented and motivated people from diverse

backgrounds.

If you want to channel your ambition and drive for success, you will be a great fit with

us with an immense potential to grow","[{'items': [""Web UI Developer\n\nJob Summary\n\nAs a web UI developer at Autocash.ai, you will be part of our software development\n\nteam, working with a cross-functional team to create a cutting-edge cloud-based Fintech\n\nsolution.\n\nResponsibilities:\n\n● Mockup user-interface based on business requirements\n\n● Design, code, and test web-based user interface\n\n● Create and maintain technical documentation\n\n● Integrate with back-end code base using Python, Restful API, Hasura GraphQL\n\netc.\n\n● Ability to multi-task and prioritize\n\n● Collaborate with both internal development teams as well as client users\n\n● Deliver high-quality work product on time and on budget\n\n● Ability to communicate complex technical concepts to audiences with a variety of\n\ntechnical and non-technical understanding\n\n● Keep up to date on trends in cloud-based web-applications\n\nRequirements\n\n● 2+ years of experience in Web Development\n\n● Excellent knowledge of HTML, XML, CSS, jQuery/JavaScript\n\n● Experience with Python, SQL, GraphQL... Hasura\n\n● Experience with React JS, Angular or Vue\n\n● Some experience with graphic software, such as Adobe Photoshop and XD\n\n● Proven experience integrating APIs into web sites and applications\n\n● Strong verbal and written communication skills\n\n● Self-starter with sharp eye for detail\n\n● Ability to manage and meet schedule deadlines\n\n● Critical thinker and problem solver that can work independently\n\n● Bachelor’s Degree in Engineering or Computer Science or equivalent work\n\nexperience, a bonus\n\n● Experience working directly with clients a bonus\n\n● Work location: Hyderabad/Hybrid\n\n● Time Shift: 50% overlap with US hours\n\nAbout Us:\n\nAutocash.ai is a US-based fintech startup company offering cloud-based data\n\nanalytics and automation software for the Corporate Finance department of our\n\nclients. The software will transform the client’s cash, treasury and working capital\n\nmanagement processes. We are looking to build our software development team in\n\nHyderabad, India with a potential to expand to other locations worldwide.\n\nWe firmly believe that a product is as good as the people behind it. Whether it's\n\nproduct development, customer support, sales or operations, all our employees see\n\nthe direct impact of their work. As one of the very promising Fintech software\n\ncompanies, autocash.ai focuses on hiring talented and motivated people from diverse\n\nbackgrounds.\n\nIf you want to channel your ambition and drive for success, you will be a great fit with\n\nus with an immense potential to grow""]}]","[{'link': 'https://www.google.com/search?hl=en&gl=us&q=Crestfin+LLC&sa=X&ved=0ahUKEwjZz-n4vv7-AhXIlmoFHfRUA1oQmJACCMIK', 'text': 'See web results for Crestfin LLC'}]",,"['15 hours ago', 'Contractor']","{'posted_at': '15 hours ago', 'schedule_type': 'Contractor'}",eyJqb2JfdGl0bGUiOiJXZWIgRGV2ZWxvcGVyIiwiaHRpZG9jaWQiOiJaek5pa3kyMlZ3NEFBQUFBQUFBQUFBPT0iLCJ1dWxlIjoidytDQUlRSUNJRlNXNWthV0UiLCJnbCI6InVzIiwiaGwiOiJlbiIsImZjIjoiRXVJQkNxSUJRVVZ6TjJwT1ZHMTVXVUU1VmtWRWNsOXFWSGN5ZW5GUFRXUmZXRTg0WjBoVU9VWkNTM1J3UTJsemJHWXdWREY2TW1OMFJXZE9aMVJxTlRsVVgyUlNPRXR3VVRSNVRIYzBSSFZvVVhkVU9ERkVjRzQzYXpsd00zQllhRTlvTkd0WGJIcGxSemxIV205R2VFaEJTUzF3TjBveWRUZFNiMmR5YlVwRlh6WkpWa2RaVEhoZlRHRjRWWFZTWVhwcmVtcHpZak40TkVSMWNVNTBlVlpHYTJ4a1dtaFJFaGRrZFdSc1drNXRPRXROYVhSeGRITlFPVXR0VGpCQlZSb2lRVTh0TUhKc05tNHpWV0pIUjA1SmVFOXNkVFk1TW5NM05uWjBkVWx3VmxSUmR3IiwiZmN2IjoiMyIsImZjX2lkIjoiZmNfNiIsImFwcGx5X2xpbmsiOnsidGl0bGUiOiJBcHBseSBvbiBMaW5rZWRJbiIsImxpbmsiOiJodHRwczovL2luLmxpbmtlZGluLmNvbS9qb2JzL3ZpZXcvd2ViLWRldmVsb3Blci1hdC1jcmVzdGZpbi1sbGMtMzYxMDQ2MjI1Nj91dG1fY2FtcGFpZ249Z29vZ2xlX2pvYnNfYXBwbHlcdTAwMjZ1dG1fc291cmNlPWdvb2dsZV9qb2JzX2FwcGx5XHUwMDI2dXRtX21lZGl1bT1vcmdhbmljIn19
4,Web Developer,Essel, Anywhere ,via Jobs By Workable,"Experienced Web Developer needed - Laravel and PHP

We are building a Laravel PHP-based program that manages timesheets, calculates payroll, invoices, manages employee paperwork, and more. We are looking to improve the system performance, add features and eventually introduce a mobile app.

If you have prior experience working on a SAAS application that will be a benefit.

You must be based in India, have a stable internet connection, and show proof of abilities.

This is a full-time hire with a monthly salary, not a contract hire.

Some of your day-to-day tasks will be:
• Create and maintain a features list based on business needs
• Participate in daily standup meetings to discuss coding progress
• Write code and participate in code reviews
• Ensure all components are tested thoroughly, maintain the staging site
• Have a willing attitude ready to take on new challenges
• Suggest changes to make the product better
• Willing to work responsibly and timely
• Establish and follow a... product roadmap

As you can see from the list of daily activities, they are all technical in nature and varied in job type. We are a distributed team working remotely so you must be self-motivated and responsible because you will not have a direct manager (immediately) to monitor you.

Prerequisites for this job:
• You should have 5 years of programming experience
• Knowledge of Laravel PHP is a must
• Knowledge of AWS is a big plus
• A good eye for design will be helpful
• Mobile app development would be another huge plus
• Be ready to work entirely remotely
• Be motivated to build out an entire system
• Based in India
• Open to feedback

You will be joining a small team of developers currently spread out all over the world. Most of the developers are working on the backend features.

If we move forward with your application the next steps will be:
• Answer follow-up questions about work experience
• Phone interviews
• Zoom, Google Meet, or Skype interviews
• Background check","[{'items': ['Experienced Web Developer needed - Laravel and PHP\n\nWe are building a Laravel PHP-based program that manages timesheets, calculates payroll, invoices, manages employee paperwork, and more. We are looking to improve the system performance, add features and eventually introduce a mobile app.\n\nIf you have prior experience working on a SAAS application that will be a benefit.\n\nYou must be based in India, have a stable internet connection, and show proof of abilities.\n\nThis is a full-time hire with a monthly salary, not a contract hire.\n\nSome of your day-to-day tasks will be:\n• Create and maintain a features list based on business needs\n• Participate in daily standup meetings to discuss coding progress\n• Write code and participate in code reviews\n• Ensure all components are tested thoroughly, maintain the staging site\n• Have a willing attitude ready to take on new challenges\n• Suggest changes to make the product better\n• Willing to work responsibly and timely\n• Establish and follow a... product roadmap\n\nAs you can see from the list of daily activities, they are all technical in nature and varied in job type. We are a distributed team working remotely so you must be self-motivated and responsible because you will not have a direct manager (immediately) to monitor you.\n\nPrerequisites for this job:\n• You should have 5 years of programming experience\n• Knowledge of Laravel PHP is a must\n• Knowledge of AWS is a big plus\n• A good eye for design will be helpful\n• Mobile app development would be another huge plus\n• Be ready to work entirely remotely\n• Be motivated to build out an entire system\n• Based in India\n• Open to feedback\n\nYou will be joining a small team of developers currently spread out all over the world. Most of the developers are working on the backend features.\n\nIf we move forward with your application the next steps will be:\n• Answer follow-up questions about work experience\n• Phone interviews\n• Zoom, Google Meet, or Skype interviews\n• Background check']}]","[{'link': 'http://www.essilor.com/', 'text': 'essilor.com'}, {'link': 'https://www.google.com/search?hl=en&gl=us&q=Essel&sa=X&ved=0ahUKEwjZz-n4vv7-AhXIlmoFHfRUA1oQmJACCPEK', 'text': 'See web results for Essel'}]",https://encrypted-tbn0.gstatic.com/images?q=tbn:ANd9GcSoj9s1N384DQIYBPQdZ58iPmeRIOhRVa62Yjxn&s=0,"['Work from home', 'Full-time', 'No degree mentioned']","{'schedule_type': 'Full-time', 'work_from_home': True}",eyJqb2JfdGl0bGUiOiJXZWIgRGV2ZWxvcGVyIiwiaHRpZG9jaWQiOiJmZnMwX0FJd0J3QUFBQUFBQUFBQUFBPT0iLCJ1dWxlIjoidytDQUlRSUNJRlNXNWthV0UiLCJnbCI6InVzIiwiaGwiOiJlbiIsImZjIjoiRXVJQkNxSUJRVVZ6TjJwT1ZIRTFSbDlRU0ZwSlYxbEdjM1F5WVVkZmRHb3lialEzWjBGT09HVkxkRU54T1VwcFR6aFRaVmRMYlZrd1FXRm9iSFpDTkdwMFJ6VXpXVEV6VlZCTWIzbEhaVmh5Tkc1VE1GSlpkVzF3ZFZweE5YRjFja2hSUTA0NFZUUmFTVmRIWlhCc1dVTkNlVWhoUTNGeVpESXRRVkZ0T1dSYVlXdzRTbXd3VFVaNGFtTjZMWE55TVU1WVdXaFVjVzV5TWw5UGVFOUxXWE5vYmxseFkxTm5FaGRrZFdSc1drNXRPRXROYVhSeGRITlFPVXR0VGpCQlZSb2lRVTh0TUhKc05tZGtOM2t6ZGxCTk5FaFZTVkpyUzBNMk5tTktWVFJUWkRoS1p3IiwiZmN2IjoiMyIsImZjX2lkIjoiZmNfNyIsImFwcGx5X2xpbmsiOnsidGl0bGUiOiJBcHBseSBkaXJlY3RseSBvbiBKb2JzIEJ5IFdvcmthYmxlIiwibGluayI6Imh0dHBzOi8vYXBwbHkud29ya2FibGUuY29tL2Vzc2VsZW52aXJvbm1lbnRhbC9qL0MyMDhENzAyQTAvP3V0bV9jYW1wYWlnbj1nb29nbGVfam9ic19hcHBseVx1MDAyNnV0bV9zb3VyY2U9Z29vZ2xlX2pvYnNfYXBwbHlcdTAwMjZ1dG1fbWVkaXVtPW9yZ2FuaWMifX0=
5,Sr. Web Developer,Uplers,"  Hyderabad, Telangana, India   ",via LinkedIn,"Profile: Senior Web Developer - Angular

Experience: 5+ years

Salary: INR 1,41,500/month (based on experience)

Expected Notice Period: 2 to 4 Weeks

Shift: US Partial Shift (4pm -1am IST)

Opportunity Type: Onsite (Hyderabad)

Placement Type: Direct Placement

(*Note: This is a requirement for one of Uplers' clients)

About the Client/Company:

We are technologists at heart, who love what we do. At the company we believe in transparency, fairness, and collaboration while we passionately work on some of the toughest use cases in OTT video; and are enthusiastic about massive scale and agility. If you get excited about building the future of OTT video, and aspire to be part of a high-performing, learning-oriented, and caring culture--you have landed on the right company.

Our Client is Looking for:

Senior Web Developer - Angular who is passionate about their work, eager to learn and grow, and who is committed to delivering exceptional results. If you are a team player, with a positive... attitude and a desire to make a difference, then we want to hear from you!

Roles & Responsibilities
• Design & build applications for Browser apps - Chrome, Firefox, Safari by using Angular, React, Stencil Components
• Strong knowledge on web technologies
• Should be proactive to maintain the code quality and help improve the standards
• Ensure the performance, quality, and responsiveness of applications

This Role Requires:
• 5+ years of experience working in Angular 11+, JavaScript, Typescript, HTML/HTML5 & CSS/CSS3
• Familiar with modern JavaScript development tools, frameworks, as well as JS runtimes.
• It would be plus to have Good knowledge on KaiOS Architecture, App Submission Guidelines and the kaiStore Submission process
• Proficient in handling responsive design, memory optimization and concepts
• Knowledge on progressive web apps
• Proficient in using RESTful APIs & JSON data

About Uplers

Our goal is to make hiring reliable, simple, and fast. Our role will be to help all our talents find and apply for relevant direct placement onsite opportunities and progress in their career. We will support any grievances or challenges you may face during the engagement. You will also be assigned to a dedicated Talent Success Coach during the engagement.

How to apply for this opportunity?
• Register or login on our portal & fill out the application
• Clear the assessment(s) required and apply for the opportunity
• Once completed, our team will contact you with an interview with our SME/Matcher
• Once it’s all done, your profile will be shared with the client
• When selected, just meet the client and get your exciting career started!

(Note: There are many more opportunities apart from this on the portal. Depending on the assessments you clear, you can apply for them as well).

So, if you are ready for a new challenge, a great work environment, and an opportunity to take your career to the next level, don't hesitate to apply today. We are waiting for you","[{'items': [""Profile: Senior Web Developer - Angular\n\nExperience: 5+ years\n\nSalary: INR 1,41,500/month (based on experience)\n\nExpected Notice Period: 2 to 4 Weeks\n\nShift: US Partial Shift (4pm -1am IST)\n\nOpportunity Type: Onsite (Hyderabad)\n\nPlacement Type: Direct Placement\n\n(*Note: This is a requirement for one of Uplers' clients)\n\nAbout the Client/Company:\n\nWe are technologists at heart, who love what we do. At the company we believe in transparency, fairness, and collaboration while we passionately work on some of the toughest use cases in OTT video; and are enthusiastic about massive scale and agility. If you get excited about building the future of OTT video, and aspire to be part of a high-performing, learning-oriented, and caring culture--you have landed on the right company.\n\nOur Client is Looking for:\n\nSenior Web Developer - Angular who is passionate about their work, eager to learn and grow, and who is committed to delivering exceptional results. If you are a team player, with a positive... attitude and a desire to make a difference, then we want to hear from you!\n\nRoles & Responsibilities\n• Design & build applications for Browser apps - Chrome, Firefox, Safari by using Angular, React, Stencil Components\n• Strong knowledge on web technologies\n• Should be proactive to maintain the code quality and help improve the standards\n• Ensure the performance, quality, and responsiveness of applications\n\nThis Role Requires:\n• 5+ years of experience working in Angular 11+, JavaScript, Typescript, HTML/HTML5 & CSS/CSS3\n• Familiar with modern JavaScript development tools, frameworks, as well as JS runtimes.\n• It would be plus to have Good knowledge on KaiOS Architecture, App Submission Guidelines and the kaiStore Submission process\n• Proficient in handling responsive design, memory optimization and concepts\n• Knowledge on progressive web apps\n• Proficient in using RESTful APIs & JSON data\n\nAbout Uplers\n\nOur goal is to make hiring reliable, simple, and fast. Our role will be to help all our talents find and apply for relevant direct placement onsite opportunities and progress in their career. We will support any grievances or challenges you may face during the engagement. You will also be assigned to a dedicated Talent Success Coach during the engagement.\n\nHow to apply for this opportunity?\n• Register or login on our portal & fill out the application\n• Clear the assessment(s) required and apply for the opportunity\n• Once completed, our team will contact you with an interview with our SME/Matcher\n• Once it’s all done, your profile will be shared with the client\n• When selected, just meet the client and get your exciting career started!\n\n(Note: There are many more opportunities apart from this on the portal. Depending on the assessments you clear, you can apply for them as well).\n\nSo, if you are ready for a new challenge, a great work environment, and an opportunity to take your career to the next level, don't hesitate to apply today. We are waiting for you""]}]","[{'link': 'https://www.google.com/search?hl=en&gl=us&q=Uplers&sa=X&ved=0ahUKEwjZz-n4vv7-AhXIlmoFHfRUA1oQmJACCJ4L', 'text': 'See web results for Uplers'}]",https://encrypted-tbn0.gstatic.com/images?q=tbn:ANd9GcQA9zkiaS3Sz9IRGCUjAGMfchYjPKfFHKpUHH8_54o&s,"['1 day ago', 'Full-time']","{'posted_at': '1 day ago', 'schedule_type': 'Full-time'}",eyJqb2JfdGl0bGUiOiJTci4gV2ViIERldmVsb3BlciIsImh0aWRvY2lkIjoiZE8wSHFUakd1QThBQUFBQUFBQUFBQT09IiwidXVsZSI6IncrQ0FJUUlDSUZTVzVrYVdFIiwiZ2wiOiJ1cyIsImhsIjoiZW4iLCJmYyI6IkV1SUJDcUlCUVVWek4ycE9Vek5xTFdoNmNHMXJSVnBwTFVOc2REQjBPVWxLVEU1Q1NYWm9SMHd0YW1aa1gyWnlYekZ5WWtsUE5FSm9aMVl0WmkxUGVIVjZYemRhZDAxTk1sWkhkamRIUjE5cVluUm9SVVpwZFVKTUxYWk1kRloyUTI1TGVWSnhWbk5RVUZoWE1FUjNOekZOVkhoV09FcENaRFZRVmw5S2FUaGhZM1ZNTUhGMFRsZDFiWGhYU21nMGRuWnpVSGxOVlVWV1FsUjNMVWgwYUdkdE5ESnhRbXQzRWhka2RXUnNXazV0T0V0TmFYUnhkSE5RT1V0dFRqQkJWUm9pUVU4dE1ISnNOR2s0VEVoa1kwUmFjME5yVFhKcU1XUndTemhrZGtWRllXdFhadyIsImZjdiI6IjMiLCJmY19pZCI6ImZjXzkiLCJhcHBseV9saW5rIjp7InRpdGxlIjoiQXBwbHkgb24gTGlua2VkSW4iLCJsaW5rIjoiaHR0cHM6Ly9pbi5saW5rZWRpbi5jb20vam9icy92aWV3L3NyLXdlYi1kZXZlbG9wZXItYXQtdXBsZXJzLTM2MDk1OTg3NTQ/dXRtX2NhbXBhaWduPWdvb2dsZV9qb2JzX2FwcGx5XHUwMDI2dXRtX3NvdXJjZT1nb29nbGVfam9ic19hcHBseVx1MDAyNnV0bV9tZWRpdW09b3JnYW5pYyJ9fQ==
6,Web Designers,Crazy Web Designers,"  Indore, Madhya Pradesh, India   ",via SmartRecruiters Job Search,"Company Description

Crazy Web Designers was founded in 2016 providing web design, web development, app development, digital marketing, graphic designing and various services with the vision to provide IT services to make the enterprise more digitize and easier way to work and live.

Job Description

We are looking for a junior-level web designer/developer to assist the senior web team. In this role, you will build and maintain websites, microsites, landing pages, emails, ads, and digital campaigns. A successful candidate must have the ability to weave stories based on the data and troubleshoot on the fly. You must have experience designing for desktop, mobile and tablet, with a focus on the principals of digital design, website usability, imagery/graphics, and intuitive user experiences. Strong attention to detail and problem-solving skills are required.

Job Duties:

- Work with senior design team to design and build highly impactful UX solutions

- Own testing and optimization of... websites and creative campaigns

- Maintain website updates with new content, landing pages and templates

- Participate in various design/development phases from concept to completion

- Understanding of how to apply branding guidelines

- Maintain a consistent, organized Media Library/asset management

- Troubleshoot site and form issues

- Utilize Workfront software for record keeping and project management

- Responsible for following procedures, timelines, and deadlines for projects

- Continue to learn, explore, and evaluate new technologies, and grow professionally

Qualifications

- Comprehensive portfolio

- B.A/B.S preferred with minimum 2 years of experience as a web designer/developer; agency experience preferred but not required

- Experience with Creative Suite programs (e.g., Photoshop, Illustrator, etc.)

- Proficient in CMS systems, specifically WordPress sites (Ceros a plus)

- Good visual design sense with experience in the field of web design

- Experience in responding well to clients’ design requests

- Practical knowledge of color theory, typography, graphic design

- Strong communication skills and attention to detail

- Self-starter who can work on multiple projects simultaneously

- Be open to learning new systems and practices

- Research, explore and share any UI/UX trends, updates and relevant innovations

- Ability to work in a highly collaborative environment, including troubleshooting and problem resolution

Additional Information

Personal Qualities (as important as skills!)
■　Creative: You think outside the box. We want your ideas and feedback not only for the project and coding, but also for the whole company
■　Timely and committed: You manage well your time
■　Challenger: You like to push yourself and go beyond your own goals. We’re ambitious and we want you to be too!
■　Quality-driven: You create great work you’re proud of!
■　Fast learner: You’ll learn a lot with us, and we move fast!
■　Team player: You share, discuss, ask for advice, and report on your work on yourself. You’ll work independently, we don’t want to be on your back ","[{'items': ['Company Description\n\nCrazy Web Designers was founded in 2016 providing web design, web development, app development, digital marketing, graphic designing and various services with the vision to provide IT services to make the enterprise more digitize and easier way to work and live.\n\nJob Description\n\nWe are looking for a junior-level web designer/developer to assist the senior web team. In this role, you will build and maintain websites, microsites, landing pages, emails, ads, and digital campaigns. A successful candidate must have the ability to weave stories based on the data and troubleshoot on the fly. You must have experience designing for desktop, mobile and tablet, with a focus on the principals of digital design, website usability, imagery/graphics, and intuitive user experiences. Strong attention to detail and problem-solving skills are required.\n\nJob Duties:\n\n- Work with senior design team to design and build highly impactful UX solutions\n\n- Own testing and optimization of... websites and creative campaigns\n\n- Maintain website updates with new content, landing pages and templates\n\n- Participate in various design/development phases from concept to completion\n\n- Understanding of how to apply branding guidelines\n\n- Maintain a consistent, organized Media Library/asset management\n\n- Troubleshoot site and form issues\n\n- Utilize Workfront software for record keeping and project management\n\n- Responsible for following procedures, timelines, and deadlines for projects\n\n- Continue to learn, explore, and evaluate new technologies, and grow professionally\n\nQualifications\n\n- Comprehensive portfolio\n\n- B.A/B.S preferred with minimum 2 years of experience as a web designer/developer; agency experience preferred but not required\n\n- Experience with Creative Suite programs (e.g., Photoshop, Illustrator, etc.)\n\n- Proficient in CMS systems, specifically WordPress sites (Ceros a plus)\n\n- Good visual design sense with experience in the field of web design\n\n- Experience in responding well to clients’ design requests\n\n- Practical knowledge of color theory, typography, graphic design\n\n- Strong communication skills and attention to detail\n\n- Self-starter who can work on multiple projects simultaneously\n\n- Be open to learning new systems and practices\n\n- Research, explore and share any UI/UX trends, updates and relevant innovations\n\n- Ability to work in a highly collaborative environment, including troubleshooting and problem resolution\n\nAdditional Information\n\nPersonal Qualities (as important as skills!)\n■\u3000Creative: You think outside the box. We want your ideas and feedback not only for the project and coding, but also for the whole company\n■\u3000Timely and committed: You manage well your time\n■\u3000Challenger: You like to push yourself and go beyond your own goals. We’re ambitious and we want you to be too!\n■\u3000Quality-driven: You create great work you’re proud of!\n■\u3000Fast learner: You’ll learn a lot with us, and we move fast!\n■\u3000Team player: You share, discuss, ask for advice, and report on your work on yourself. You’ll work independently, we don’t want to be on your back ']}]","[{'link': 'https://www.google.com/search?hl=en&gl=us&q=Crazy+Web+Designers&sa=X&ved=0ahUKEwjZz-n4vv7-AhXIlmoFHfRUA1oQmJACCMkL', 'text': 'See web results for Crazy Web Designers'}]",,['Full-time'],{'schedule_type': 'Full-time'},eyJqb2JfdGl0bGUiOiJXZWIgRGVzaWduZXJzIiwiaHRpZG9jaWQiOiJHMnUzVVhWbEt5TUFBQUFBQUFBQUFBPT0iLCJ1dWxlIjoidytDQUlRSUNJRlNXNWthV0UiLCJnbCI6InVzIiwiaGwiOiJlbiIsImZjIjoiRXZjQkNyY0JRVVZ6TjJwT1ZHTnFZMWRDTFcxWVFXaHpNbTAzVFdjMlpGVTVPSFo1ZWxkWU9GOXZhVkZYVFdKTFRERllkMlpXVnpObFdFVnRZMlUzZW04eFFuUXpaM1JrUVRaeVJWQlpNMHB1VlhreFdqRldUREEzYUU1RGMwaEpkbXc0ZW1sQlUyeHhTa0o0VmxWWlMxWXlWVEJoZWpscVdrSTVORUoyV25kYU1tNXZUSE5mVW1ReFVUbEViazVSTWpoblJrd3RkV05zT0VwWWNWUnhaa05UYWt0aGRURkdjM0ZqYkhwT05IRmlhR2xsZFdsZldEUTFMVFozRWhka2RXUnNXazV0T0V0TmFYUnhkSE5RT1V0dFRqQkJWUm9pUVU4dE1ISnNOVzV2T1RCVVpHUjNZV040VEhaSlpFZzNRMGhmVkcxNVpsQmFRUSIsImZjdiI6IjMiLCJmY19pZCI6ImZjXzEwIiwiYXBwbHlfbGluayI6eyJ0aXRsZSI6IkFwcGx5IG9uIFNtYXJ0UmVjcnVpdGVycyBKb2IgU2VhcmNoIiwibGluayI6Imh0dHBzOi8vam9icy5zbWFydHJlY3J1aXRlcnMuY29tL0NyYXp5V2ViRGVzaWduZXJzLzc0Mzk5OTgwOTAzODgwMy13ZWItZGVzaWduZXJzP3V0bV9jYW1wYWlnbj1nb29nbGVfam9ic19hcHBseVx1MDAyNnV0bV9zb3VyY2U9Z29vZ2xlX2pvYnNfYXBwbHlcdTAwMjZ1dG1fbWVkaXVtPW9yZ2FuaWMifX0=
7,Senior Web Developer,Xcelo Group Inc,"  Hyderabad, Telangana, India   ",via LinkedIn,"The internet continues to develop exponentially, and remains on the cutting edge of exceptional website design. We’re looking for a skilled web developer to join our team of innovative designers who are consistently raising the bar for creativity and user experience. The ideal candidate is a talented artist who has extensive technical expertise and can work independently or with a team to create, maintain, and update client websites in a variety of industries. Proficiency with JavaScript, HTML, CSS, and web applications and services is essential for succeeding in this role. The web developer will have an immediate impact on our brand and those of our clients, and will help solidify our industrywide reputation for stellar design.

Objectives of this role:
• Create well-designed and tested code using best practices for web development, including for responsive design and mobile display
• Create websites and interfaces using standard HTML/CSS practices, and incorporate data from back-end... databases and services
• Create and maintain workflows for teams, providing visibility and ensuring balance
• Develop or validate testing schedules that address all browsers and devices, ensuring web content can be accessed on any computer
• Maintain up-to-date knowledge of industry trends and technologies

Responsibilities:
• Meet regularly with stakeholders and managers to review business and functional requirements and to determine project scopes and specifications
• Develop and maintain operational systems, tools, and processes, and participate in tactical and strategic development projects
• Ensure software stability via regression, support quality assurance, and perform unit and user-acceptance testing to identify bugs
• Make small edits requested by customers, develop plans for completing larger projects, and suggest solutions to improve existing websites
• Perform UI design and coding and create reusable objects and wireframes for web pages and email templates
• Conduct file backups regularly to local directories

Required skills and qualifications:
• Dedication to innovative, sophisticated designs and collaborative problem-solving
• Experience in planning and developing websites across multiple products and organizations
• Extensive knowledge of web applications, programming languages, and web services — including API, CSS, CSS3, cross-browser compatibility, HTML, HTML5, JavaScript, jQuery, PHP, security principles, REST, SOAP, and web user interface design
• Proficiency with content management systems, including WordPress and Drupal
• Experience with Windows and Linux environments

Preferred skills and qualifications:
• Bachelor’s degree (or equivalent) in web design, multimedia design, or related field
• Experience in e-commerce applications and development
• Proven success in project coordination
• Experience in implementing web development workflows and operations using a variety of tools, including GitHub","[{'items': ['The internet continues to develop exponentially, and remains on the cutting edge of exceptional website design. We’re looking for a skilled web developer to join our team of innovative designers who are consistently raising the bar for creativity and user experience. The ideal candidate is a talented artist who has extensive technical expertise and can work independently or with a team to create, maintain, and update client websites in a variety of industries. Proficiency with JavaScript, HTML, CSS, and web applications and services is essential for succeeding in this role. The web developer will have an immediate impact on our brand and those of our clients, and will help solidify our industrywide reputation for stellar design.\n\nObjectives of this role:\n• Create well-designed and tested code using best practices for web development, including for responsive design and mobile display\n• Create websites and interfaces using standard HTML/CSS practices, and incorporate data from back-end... databases and services\n• Create and maintain workflows for teams, providing visibility and ensuring balance\n• Develop or validate testing schedules that address all browsers and devices, ensuring web content can be accessed on any computer\n• Maintain up-to-date knowledge of industry trends and technologies\n\nResponsibilities:\n• Meet regularly with stakeholders and managers to review business and functional requirements and to determine project scopes and specifications\n• Develop and maintain operational systems, tools, and processes, and participate in tactical and strategic development projects\n• Ensure software stability via regression, support quality assurance, and perform unit and user-acceptance testing to identify bugs\n• Make small edits requested by customers, develop plans for completing larger projects, and suggest solutions to improve existing websites\n• Perform UI design and coding and create reusable objects and wireframes for web pages and email templates\n• Conduct file backups regularly to local directories\n\nRequired skills and qualifications:\n• Dedication to innovative, sophisticated designs and collaborative problem-solving\n• Experience in planning and developing websites across multiple products and organizations\n• Extensive knowledge of web applications, programming languages, and web services — including API, CSS, CSS3, cross-browser compatibility, HTML, HTML5, JavaScript, jQuery, PHP, security principles, REST, SOAP, and web user interface design\n• Proficiency with content management systems, including WordPress and Drupal\n• Experience with Windows and Linux environments\n\nPreferred skills and qualifications:\n• Bachelor’s degree (or equivalent) in web design, multimedia design, or related field\n• Experience in e-commerce applications and development\n• Proven success in project coordination\n• Experience in implementing web development workflows and operations using a variety of tools, including GitHub']}]","[{'link': 'https://www.google.com/search?hl=en&gl=us&q=Xcelo+Group+Inc&sa=X&ved=0ahUKEwjZz-n4vv7-AhXIlmoFHfRUA1oQmJACCPQL', 'text': 'See web results for Xcelo Group Inc'}]",https://encrypted-tbn0.gstatic.com/images?q=tbn:ANd9GcS9qEyWqXtHpN-Zz-AvcdDN0sPgqh9z3oU8EGb7l7U&s,"['21 hours ago', 'Full-time']","{'posted_at': '21 hours ago', 'schedule_type': 'Full-time'}",eyJqb2JfdGl0bGUiOiJTZW5pb3IgV2ViIERldmVsb3BlciIsImh0aWRvY2lkIjoiSFc0Tkl6R2gyV3NBQUFBQUFBQUFBQT09IiwidXVsZSI6IncrQ0FJUUlDSUZTVzVrYVdFIiwiZ2wiOiJ1cyIsImhsIjoiZW4iLCJmYyI6IkV2Y0JDcmNCUVVWek4ycE9VakpSV2taS2JVeHZOV2hxWDAxNGVVeE1SRXRSWDNBMlQwOUpOR2hzWmtkdmJUUm9WMjV1UW5ObllXUnBablExYWt4WVMxTnJhakJGZERsT2JWTk5RV1pwZDJkSE5sQTBhbmhIYWs1VGEwbFRaRVoxZWtoRldIUnJUMmw2YURabU5sTjBMV2xmYnkxblVYUkdWVTVtU25WVVNWQlBlR2RTZUV3emMyeHJiM1JhY0c1cFNVUTRiMk5sTm5wc1JVczNNMUJaUlVKQ1pHZHlUMlJTZUc5SWVFNVVkR3RETVVkNmNsQjJWMFp6VGpRNEVoZGtkV1JzV2s1dE9FdE5hWFJ4ZEhOUU9VdHRUakJCVlJvaVFVOHRNSEpzTkdRdFNVbEZXRzkwYVdsUVprWnRiMVpFYm05M00yUTRSbmhvVVEiLCJmY3YiOiIzIiwiZmNfaWQiOiJmY18xMSIsImFwcGx5X2xpbmsiOnsidGl0bGUiOiJBcHBseSBvbiBMaW5rZWRJbiIsImxpbmsiOiJodHRwczovL2luLmxpbmtlZGluLmNvbS9qb2JzL3ZpZXcvc2VuaW9yLXdlYi1kZXZlbG9wZXItYXQteGNlbG8tZ3JvdXAtaW5jLTM2MTAxNDMwNjY/dXRtX2NhbXBhaWduPWdvb2dsZV9qb2JzX2FwcGx5XHUwMDI2dXRtX3NvdXJjZT1nb29nbGVfam9ic19hcHBseVx1MDAyNnV0bV9tZWRpdW09b3JnYW5pYyJ9fQ==
8,Web Developer,Cendyn,"  Hyderabad, Telangana, India   ",via JobScore,"Role

We’re looking for an exceptional web developer who is excited to be a technical innovator and hands on developer.  You will work as part of a team to plan, design, and develop functionality ranging from backend enhancements to user-facing and device-specific features. Your role will involve close collaboration with other members of the global Cendyn team to share ideas, problems, and solutions.  

Responsibilities
• Design and implement new functionality on our multi-tenant cloud web platform
• Deliver comprehensive unit tests along with production code
• Conceive of software architecture and technical design
• Write code to build websites and to build and maintain website platforms
• Communicate and collaborate with Cendyn customers and partners as required

Requirements
• Prior experience building and architecting complex web sites involving APIs (REST & GraphQL)
• Passion for web development
• Self-starter that enjoys a fast-paced work environment
• Experience with PHP
•... Experience with Ruby / Ruby on Rails
• Experience with JavaScript, React/Redux, NextJS
• Experience with Jekyll & Liquid
• Minimum of 5 years of programming experience, in web-based technologies
• Familiarity with Git based version control
• Familiarity with object oriented software design methodologies
• Strong organizational, prioritization and communication skills
• Experience with web performance testing and profiling
• Experience designing or implementing web and responsive UI frameworks

Our Technology Stack
• JavaScript, React, NextJS
• Ruby on Rails
• Jekyll
• PHP

EEO Statement

Cendyn provides equal employment opportunities (EEO) to all employees and applicants for employment without regard to race, color, religion, sex, national origin, age, disability or genetics. In addition to federal law requirements, Cendyn complies with applicable state and local laws governing nondiscrimination in employment in every location in which the company has facilities. This policy applies to all terms and conditions of employment, including recruiting, hiring, placement, promotion, termination, layoff, recall, transfer, leaves of absence, compensation, and training.

Cendyn expressly prohibits any form of workplace harassment based on race, color, religion, gender, sexual orientation, gender identity or expression, national origin, age, genetic information, disability, or veteran status. Improper interference with the ability of Cendyn’s employees to perform their job duties may result in discipline up to and including discharge.

Other Duties

Please note this job description is not designed to cover or contain a comprehensive listing of activities, duties or responsibilities that are required of the employee for this job. Duties, responsibilities, and activities may change at any time with or without notice","[{'items': ['Role\n\nWe’re looking for an exceptional web developer who is excited to be a technical innovator and hands on developer.\u202f You will work as part of a team to plan, design, and develop functionality ranging from backend enhancements to user-facing and device-specific features. Your role will involve close collaboration with other members of the global Cendyn team to share ideas, problems, and solutions.\u202f\u202f\n\nResponsibilities\n• Design and implement new functionality on our multi-tenant cloud web platform\n• Deliver comprehensive unit tests along with production code\n• Conceive of software architecture and technical design\n• Write code to build websites and to build and maintain website platforms\n• Communicate and collaborate with Cendyn customers and partners as required\n\nRequirements\n• Prior experience building and architecting complex web sites involving APIs (REST & GraphQL)\n• Passion for web development\n• Self-starter that enjoys a fast-paced work environment\n• Experience with PHP\n•... Experience with Ruby / Ruby on Rails\n• Experience with JavaScript, React/Redux, NextJS\n• Experience with Jekyll & Liquid\n• Minimum of 5 years of programming experience, in web-based technologies\n• Familiarity with Git based version control\n• Familiarity with object oriented software design methodologies\n• Strong organizational, prioritization and communication skills\n• Experience with web performance testing and profiling\n• Experience designing or implementing web and responsive UI frameworks\n\nOur Technology Stack\n• JavaScript, React, NextJS\n• Ruby on Rails\n• Jekyll\n• PHP\n\nEEO Statement\n\nCendyn provides equal employment opportunities (EEO) to all employees and applicants for employment without regard to race, color, religion, sex, national origin, age, disability or genetics. In addition to federal law requirements, Cendyn complies with applicable state and local laws governing nondiscrimination in employment in every location in which the company has facilities. This policy applies to all terms and conditions of employment, including recruiting, hiring, placement, promotion, termination, layoff, recall, transfer, leaves of absence, compensation, and training.\n\nCendyn expressly prohibits any form of workplace harassment based on race, color, religion, gender, sexual orientation, gender identity or expression, national origin, age, genetic information, disability, or veteran status. Improper interference with the ability of Cendyn’s employees to perform their job duties may result in discipline up to and including discharge.\n\nOther Duties\n\nPlease note this job description is not designed to cover or contain a comprehensive listing of activities, duties or responsibilities that are required of the employee for this job. Duties, responsibilities, and activities may change at any time with or without notice']}]","[{'link': 'http://www.cendyn.com/', 'text': 'cendyn.com'}, {'link': 'https://www.google.com/search?hl=en&gl=us&q=Cendyn&sa=X&ved=0ahUKEwjZz-n4vv7-AhXIlmoFHfRUA1oQmJACCKMM', 'text': 'See web results for Cendyn'}]",https://encrypted-tbn0.gstatic.com/images?q=tbn:ANd9GcSyd1P4EFWWYIlh6B-krc2thKsBFeuGDdCGLtynnb4&s,"['21 days ago', 'Full-time', 'No degree mentioned']","{'posted_at': '21 days ago', 'schedule_type': 'Full-time'}",eyJqb2JfdGl0bGUiOiJXZWIgRGV2ZWxvcGVyIiwiaHRpZG9jaWQiOiJpRF93WkdlWnNaSUFBQUFBQUFBQUFBPT0iLCJ1dWxlIjoidytDQUlRSUNJRlNXNWthV0UiLCJnbCI6InVzIiwiaGwiOiJlbiIsImZjIjoiRXZjQkNyY0JRVVZ6TjJwT1UwbHlkVTV1YzFGS1IwOHdUM1ZHVkRaTGNEWjJkMnR6TWxZd1drbG9jRU4xVnpSak0yMU9aRkpSYldSWGJWTkNXRFJpVjBWS05GWnVjekpSVjBkRk9VMVNibmt6YTJweVh6azBkMDgyZUdKWlNtOUpRbk5vT1RjMmJWUldVVEJ6YTFjNVgyVm5UV3h2VVRaSFpGbEtUMVI2WlV0NmJWcGpkbXR6VmtobGMxaDNWMmRHU0UxUFRGVkZORFpJWjFZMFozRkVPRWN4TlhOd2VteFBRakZtU1hjeWFEaGpkMFJqU1ZaalFUVXlVSGxWRWhka2RXUnNXazV0T0V0TmFYUnhkSE5RT1V0dFRqQkJWUm9pUVU4dE1ISnNObWhSVldaeFZHVnZkRGxEYUVSMGRGcEhhR2RWYW1KQ01uUktVUSIsImZjdiI6IjMiLCJmY19pZCI6ImZjXzEyIiwiYXBwbHlfbGluayI6eyJ0aXRsZSI6IkFwcGx5IGRpcmVjdGx5IG9uIEpvYlNjb3JlIiwibGluayI6Imh0dHBzOi8vd3d3LmpvYnNjb3JlLmNvbS9jYXJlZXJzL2NlbmR5bi9qb2JzL3dlYi1kZXZlbG9wZXItZGQ2RXZyUkp6ay01eTlHVHVpMHJaaj91dG1fY2FtcGFpZ249Z29vZ2xlX2pvYnNfYXBwbHlcdTAwMjZ1dG1fc291cmNlPWdvb2dsZV9qb2JzX2FwcGx5XHUwMDI2dXRtX21lZGl1bT1vcmdhbmljIn19
9,Web Developer,Genworth, Anywhere ,via Jobgether,"This a Full Remote job, the offer is available from: India

This offer from ""Genworth"" has been enriched by Jobgether and got a 72% flex score.

POSITION

Web Services Developer

LOCATION

Genworth India

POSITION SUMMARY

Position will be responsible for developing micro and meshed web services to Genworth’s admin systems, and will be working in an agile team building a unified desktop experience for our customer service representatives. The position reports to the Enterprise Services group, building upon the Java web services platform.

RESPONSIBILITIES
• Lead and/or participate in the analysis and design efforts in support of application and business requirements. Design within the architectural and system strategy constraints.
• Understand and apply accepted application development and integration processes in all development activities. Actively participate in efforts to improve existing processes.
• Work closely with internal business partners to resolve problems and escalate... issues to leadership when necessary.
• Drive improvement to the application architecture, workshop new development patterns
• Ability to stay abreast of emerging technology and integration best practices, and apply those best practices in our environment.

REQUIRED QUALIFICATIONS
• Languanges
• Java
• Python
• Go
• 3 Years Professional Experience
• Kubernetes
• Docker
• Web Services, Spring, Spring Boot

PREFERRED QUALIFICATIONS
• Service API Development
• AWS EC2
• Rancher
• Agile
• Continuous Integration/Deployment
• Git
• JUNIT/Unit Testing
• Splunk","[{'items': ['This a Full Remote job, the offer is available from: India\n\nThis offer from ""Genworth"" has been enriched by Jobgether and got a 72% flex score.\n\nPOSITION\n\nWeb Services Developer\n\nLOCATION\n\nGenworth India\n\nPOSITION SUMMARY\n\nPosition will be responsible for developing micro and meshed web services to Genworth’s admin systems, and will be working in an agile team building a unified desktop experience for our customer service representatives. The position reports to the Enterprise Services group, building upon the Java web services platform.\n\nRESPONSIBILITIES\n• Lead and/or participate in the analysis and design efforts in support of application and business requirements. Design within the architectural and system strategy constraints.\n• Understand and apply accepted application development and integration processes in all development activities. Actively participate in efforts to improve existing processes.\n• Work closely with internal business partners to resolve problems and escalate... issues to leadership when necessary.\n• Drive improvement to the application architecture, workshop new development patterns\n• Ability to stay abreast of emerging technology and integration best practices, and apply those best practices in our environment.\n\nREQUIRED QUALIFICATIONS\n• Languanges\n• Java\n• Python\n• Go\n• 3 Years Professional Experience\n• Kubernetes\n• Docker\n• Web Services, Spring, Spring Boot\n\nPREFERRED QUALIFICATIONS\n• Service API Development\n• AWS EC2\n• Rancher\n• Agile\n• Continuous Integration/Deployment\n• Git\n• JUNIT/Unit Testing\n• Splunk']}]","[{'link': 'http://www.genworth.com/', 'text': 'genworth.com'}, {'link': 'https://www.google.com/search?hl=en&gl=us&q=Genworth&sa=X&ved=0ahUKEwjZz-n4vv7-AhXIlmoFHfRUA1oQmJACCNMM', 'text': 'See web results for Genworth'}]",https://encrypted-tbn0.gstatic.com/images?q=tbn:ANd9GcRou0ZwXWxkNFkU-PgpvGflyd3mV84HeraFtuZeUU4&s,"['Work from home', 'Full-time', 'No degree mentioned']","{'schedule_type': 'Full-time', 'work_from_home': True}",eyJqb2JfdGl0bGUiOiJXZWIgRGV2ZWxvcGVyIiwiaHRpZG9jaWQiOiJGNHFmOENaVVhWTUFBQUFBQUFBQUFBPT0iLCJ1dWxlIjoidytDQUlRSUNJRlNXNWthV0UiLCJnbCI6InVzIiwiaGwiOiJlbiIsImZjIjoiRXZjQkNyY0JRVVZ6TjJwT1VXZHJWRUZyY1VsM2NGQkNjRzkxZVZKaWFrMUJPVGw2VVVsR1ZERm5XamxwVkdWbU1WOUVUVEZNZUZGQlVqWm1XblpDVDNrNVFVazJUbU5VWDJoV2FFOUpMVXc0TjAwd1IzTlNiVUZPUmpsdGNuUndaM2sxVTFsTFdteDVUbFpxTkZGdVNWaGxMVWcyYTJkWVkyVlNiRVZqUlZBNE1VdHVTRTA0U2tKNldrcGhiRjkyZDBoSVlVRkdZbGh5V25aVlNXY3pVbmhpTUVONmExOUhaazVIY0ZOd2JuUTBRbWx5YTJ4b2NWTkpPVVpaRWhka2RXUnNXazV0T0V0TmFYUnhkSE5RT1V0dFRqQkJWUm9pUVU4dE1ISnNOV0ZXWkZaUVUyVlZSVVpVTW5oMlZUSk5OM2RDYkZaVlVtTXpRUSIsImZjdiI6IjMiLCJmY19pZCI6ImZjXzE0IiwiYXBwbHlfbGluayI6eyJ0aXRsZSI6IkFwcGx5IG9uIEpvYmdldGhlciIsImxpbmsiOiJodHRwczovL2pvYmdldGhlci5jb20vb2ZmZXIvNjQzYjQyYzA1OTBhODA4NDgwZTM0OTJhLXdlYi1kZXZlbG9wZXI/dXRtX2NhbXBhaWduPWdvb2dsZV9qb2JzX2FwcGx5XHUwMDI2dXRtX3NvdXJjZT1nb29nbGVfam9ic19hcHBseVx1MDAyNnV0bV9tZWRpdW09b3JnYW5pYyJ9fQ==
